{"cameraMode":{"drawMode":0,"name":"Shaded","section":"Shading Mode"},"sceneLighting":false,"audioPlay":false,"sceneViewState":{"m_AlwaysRefresh":false,"showFog":true,"showSkybox":false,"showFlares":true,"showImageEffects":true,"showParticleSystems":true,"showVisualEffectGraphs":true,"m_FxEnabled":true},"in2DMode":false,"pivot":{"x":-1.2205942869186402,"y":1.2957677841186524,"z":-0.2678004503250122},"rotation":{"x":-0.024600956588983537,"y":-0.9250999689102173,"z":-0.06280630826950073,"w":0.3740618824958801},"size":1.3072776794433594,"orthographic":false}