{"cameraMode":{"drawMode":0,"name":"Shaded","section":"Shading Mode"},"sceneLighting":true,"audioPlay":false,"sceneViewState":{"m_AlwaysRefresh":false,"showFog":true,"showSkybox":true,"showFlares":true,"showImageEffects":true,"showParticleSystems":true,"showVisualEffectGraphs":true,"m_FxEnabled":true},"in2DMode":false,"pivot":{"x":21.99220848083496,"y":-11.291982650756836,"z":0.40013957023620608},"rotation":{"x":-0.19466781616210938,"y":-0.6596410870552063,"z":0.1827850639820099,"w":-0.7025578618049622},"size":14.643022537231446,"orthographic":false}